solution_id,carbon_emission,investment_cost,service_coverage,inequality,selected_facilities
0,4471.8754451822115,9365.932159905664,10525.847997626262,0.0,3
1,3890.0976715021866,10435.479618663681,11026.62991966993,0.0,3
2,17320.854833531073,48599.461710989926,40405.17140791079,0.128564869306645,11
